lift_pp,bounce_observado,p_binomial,p_montecarlo,meses_BPmaiorBA
0.0,0.551176096630642,0.29052734375,0.36926147704590817,8/13
0.02,0.5708836617927527,0.1334228515625,0.001996007984031936,9/13
0.04,0.5912269548633186,0.046142578125,0.001996007984031936,10/13
0.046,0.5969485060394152,0.01123046875,0.001996007984031936,11/13
0.06,0.6109345200254291,0.01123046875,0.001996007984031936,11/13
0.08,0.631277813095995,0.001708984375,0.001996007984031936,12/13
0.1,0.6509853782581055,0.001708984375,0.001996007984031936,12/13
